# H1 Collaboration, Eur. Phys. J. C 13, 371 (2000) [hep-ex/9902019],
# Table 12.  sigma(gamma* p -> rho p) against W in six Q^2 bins.
# Errors: statistical then systematic.
Q2,W,sigma_nb,stat,syst
2,49,718,85,92
2,65,991,118,128
2,86,1025,117,133
2,116,1002,118,129
3.1,40,296,24,27
3.1,60,318,28,27
3.1,80,410,34,34
4.8,40,125,13,11
4.8,60,137,16,12
4.8,80,160,19,16
4.8,100,168,21,15
7.2,50,60.3,7.9,5.5
7.2,70,76.2,10.8,8.9
7.2,90,96.7,14.3,12.2
7.2,110,94.7,15,8.4
7.2,130,76.9,18.8,11.8
10.9,50,17.9,3.5,1.9
10.9,70,34.6,5.7,3.7
10.9,90,38.9,7.1,3.2
10.9,110,30.1,6.8,2.4
10.9,130,42.5,9.7,3.5
19.7,60,7.2,1.6,0.6
19.7,80,10.4,2.3,1
19.7,100,9.4,2.4,1
19.7,120,14.9,3.2,1.1
