# H1 and ZEUS, Combination and QCD analysis of charm and beauty production cross-section
# measurements in DIS at HERA, Eur. Phys. J. C 78 (2018) 473 [arXiv:1804.01019], Table 3
# (parsed from the arXiv LaTeX source).  sqrt(s) = 318 GeV.  Cuts x <= 0.01, Q2 <= 45 applied here.
# Q2 [GeV2], x, sigma_r^cc, delta_tot [%] (stat, uncor, cor in quadrature)
2.5,0.00003,0.1142,16.9
2.5,0.00007,0.1105,12.1
2.5,0.00013,0.0911,12.3
2.5,0.00018,0.0917,12.9
2.5,0.00035,0.0544,12.0
5.0,0.00007,0.1532,17.1
5.0,0.00018,0.1539,10.0
5.0,0.00035,0.1164,9.3
5.0,0.00100,0.0776,11.4
7.0,0.00013,0.2249,8.6
7.0,0.00018,0.2023,11.4
7.0,0.00030,0.1767,6.4
7.0,0.00050,0.1616,6.0
7.0,0.00080,0.1199,7.8
7.0,0.00160,0.0902,7.7
12.0,0.00022,0.3161,8.0
12.0,0.00032,0.2904,7.1
12.0,0.00050,0.2410,5.3
12.0,0.00080,0.1813,5.1
12.0,0.00150,0.1476,6.2
12.0,0.00300,0.1010,7.8
18.0,0.00035,0.3198,8.1
18.0,0.00050,0.2905,7.0
18.0,0.00080,0.2554,4.9
18.0,0.00135,0.2016,4.7
18.0,0.00250,0.1630,4.7
18.0,0.00450,0.1137,8.7
32.0,0.00060,0.3885,13.9
32.0,0.00080,0.3756,5.2
32.0,0.00140,0.2807,4.1
32.0,0.00240,0.2190,4.7
32.0,0.00320,0.2015,6.6
32.0,0.00550,0.1553,6.6
32.0,0.00800,0.0940,11.9
