# J/psi elastic form factors from lattice QCD, single-quark current, charge stripped.
# Dudek06: Dudek, Edwards, Richards, PRD 73 074507 (2006) [hep-ph/0601137], quenched; Figs 9,10 read from the vector graphics.
# Delaney23: Delaney, Thomas, Ryan (HadSpec), JHEP 05 (2024) 230 [2301.08213], Nf=2+1; Figs 13-15 vector graphics (opaque points only).
# compiled from the lattice papers listed above
source,ff,Q2,G,err
Dudek06,GC,-0.0,0.995927,0.012339
Dudek06,GC,1.0306,0.743571,0.005656
Dudek06,GC,1.9954,0.578266,0.010605
Dudek06,GC,2.0104,0.585503,0.019014
Dudek06,GC,2.1352,0.571361,0.007625
Dudek06,GC,2.1352,0.555643,0.005341
Dudek06,GC,2.9051,0.465608,0.014611
Dudek06,GC,3.1696,0.434494,0.009586
Dudek06,GC,3.1696,0.427588,0.00589
Dudek06,GC,3.7677,0.408732,0.0143
Dudek06,GC,4.2698,0.351057,0.004795
Dudek06,GC,4.589,0.299834,0.014688
Dudek06,GC,5.3042,0.288368,0.008959
Dudek06,GC,5.3042,0.276741,0.004795
Dudek06,GC,5.375,0.228032,0.026166
Dudek06,GM,1.035,1.669771,0.052954
Dudek06,GM,2.0104,1.263426,0.068042
Dudek06,GM,2.1352,1.285742,0.014142
Dudek06,GM,2.1352,1.277883,0.023255
Dudek06,GM,2.9051,1.075802,0.020433
Dudek06,GM,3.1696,1.026462,0.028753
Dudek06,GM,3.1696,1.005099,0.017126
Dudek06,GM,3.7677,0.905158,0.032844
Dudek06,GM,4.2698,0.795482,0.010689
Dudek06,GM,4.589,0.686113,0.035044
Dudek06,GM,5.3042,0.65343,0.011312
Dudek06,GM,5.3042,0.646832,0.029853
Dudek06,GM,5.375,0.557581,0.063959
Dudek06,GQ,1.0349,-0.22703,0.040657
Dudek06,GQ,2.0105,-0.194921,0.033249
Dudek06,GQ,2.1352,-0.135662,0.00765
Dudek06,GQ,2.9049,-0.156354,0.014524
Dudek06,GQ,3.1697,-0.123229,0.00765
Dudek06,GQ,4.27,-0.084903,0.005441
Dudek06,GQ,4.5892,-0.095638,0.018312
Dudek06,GQ,5.3042,-0.077715,0.004834
Dudek06,GQ,5.3751,-0.096125,0.017559
Delaney23,GC,0.0,1.0018,0.00388
Delaney23,GC,0.0,1.00281,0.0039
Delaney23,GC,0.0,1.00656,0.00379
Delaney23,GC,0.2604,0.94065,0.00341
Delaney23,GC,0.2605,0.93591,0.00349
Delaney23,GC,0.2605,0.93845,0.00337
Delaney23,GC,0.5173,0.87762,0.00318
Delaney23,GC,0.5173,0.87806,0.00317
Delaney23,GC,0.5175,0.87654,0.00314
Delaney23,GC,0.5245,0.87771,0.00308
Delaney23,GC,0.7708,0.81916,0.00297
Delaney23,GC,0.7708,0.82016,0.00299
Delaney23,GC,0.785,0.81838,0.00292
Delaney23,GC,0.785,0.81839,0.0029
Delaney23,GM,0.2604,2.14108,0.00787
Delaney23,GM,0.2605,2.14047,0.00898
Delaney23,GM,0.2605,2.14196,0.00821
Delaney23,GM,0.5173,2.01121,0.00747
Delaney23,GM,0.5173,2.01182,0.00749
Delaney23,GM,0.5175,2.01062,0.00755
Delaney23,GM,0.5245,2.00843,0.00722
Delaney23,GM,0.7708,1.89278,0.00697
Delaney23,GM,0.7708,1.89335,0.00702
Delaney23,GM,0.785,1.88572,0.00688
Delaney23,GM,0.785,1.88598,0.00688
Delaney23,GQ,0.2604,-0.13285,0.06829
Delaney23,GQ,0.2605,-0.16517,0.06443
Delaney23,GQ,0.2605,-0.00272,0.07529
Delaney23,GQ,0.5173,-0.17883,0.03903
Delaney23,GQ,0.5173,-0.16595,0.03659
Delaney23,GQ,0.5175,-0.19663,0.03342
Delaney23,GQ,0.5245,-0.18336,0.02894
Delaney23,GQ,0.7708,-0.18402,0.02111
Delaney23,GQ,0.7708,-0.15247,0.02206
Delaney23,GQ,0.785,-0.18359,0.01752
Delaney23,GQ,0.785,-0.18074,0.0176
