# ZEUS Collaboration, PMC Phys. A1 (2007) 6 [arXiv:0708.1478], Table 2.
# dsigma/dt for gamma* p -> rho0 p at W = 90 GeV, six Q^2 bins.
# The normalisation uncertainties (2% luminosity, 4% proton-dissociative
# background) are NOT included, as in the paper.
Q2,t,dsdt_nb_per_GeV2,stat,syst
2.7,0.05,2636.4,49.5,155.3
2.7,0.15,1284.2,32.8,87.7
2.7,0.29,450.7,13.5,39.1
2.7,0.53,127.5,6.2,17.2
2.7,0.83,28.1,3.3,10.3
5,0.05,842.7,23.7,40.5
5,0.15,415.8,15.4,26.1
5,0.29,159.8,7,13.8
5,0.53,43.7,3.2,5.8
5,0.83,12.5,1.8,2.2
7.8,0.05,338.4,10.8,15.4
7.8,0.15,156.2,7.4,13.3
7.8,0.29,67.3,3.3,4.9
7.8,0.53,22.1,1.6,3.1
7.8,0.83,5.03,0.94,1.48
11.9,0.05,118,5,5.7
11.9,0.15,70.2,3.9,5.2
11.9,0.29,26.8,1.7,2.6
11.9,0.53,8.4,0.76,1.36
11.9,0.83,2.67,0.51,0.52
19.7,0.05,39.6,2.2,3.3
19.7,0.15,20.4,1.5,1.9
19.7,0.29,9.12,0.71,0.94
19.7,0.53,2.73,0.31,0.39
19.7,0.83,0.84,0.19,0.3
41,0.05,5.44,0.83,0.8
41,0.15,2.28,0.5,0.54
41,0.29,1.4,0.26,0.35
41,0.53,0.42,0.11,0.11
41,0.83,0.15,0.07,0.07
