# ZEUS, H. Abramowicz et al., Nucl. Phys. B 909 (2016) 934 [arXiv:1606.08652], Table 2, R_comb
# exclusive DIS: Q2 bins at 30 < W < 210 GeV, |t| < 1; W and |t| bins at 5 < Q2 < 80 GeV2
var,lo,hi,ratio,stat,syst_up,syst_dn
Q2,2,5,0.17,0.05,0.05,0.02
Q2,5,8,0.17,0.04,0.05,0.02
Q2,8,12,0.28,0.05,0.03,0.03
Q2,12,24,0.26,0.05,0.01,0.03
Q2,24,80,0.51,0.10,0.04,0.04
W,30,70,0.24,0.06,0.01,0.13
W,70,95,0.30,0.05,0.02,0.03
W,95,120,0.27,0.05,0.03,0.01
W,120,210,0.21,0.04,0.03,0.01
t,0.0,0.1,0.23,0.04,0.01,0.02
t,0.1,0.2,0.22,0.05,0.02,0.02
t,0.2,0.4,0.24,0.04,0.03,0.02
t,0.4,1.0,0.32,0.05,0.01,0.02
